<?xml version="1.0" encoding="UTF-8"?>
<project-private xmlns="http://www.netbeans.org/ns/project-private/1">
    <editor-bookmarks xmlns="http://www.netbeans.org/ns/editor-bookmarks/2" lastBookmarkId="0"/>
    <open-files xmlns="http://www.netbeans.org/ns/projectui-open-files/2">
        <group>
            <file>file:/C:/GITHUB/JAVA/Aula12_Classes_Sequencia/src/aula12_classes_sequencia/transporte/Coletivo.java</file>
            <file>file:/C:/GITHUB/JAVA/Aula12_Classes_Sequencia/src/aula12_classes_sequencia/urbana/Linha.java</file>
            <file>file:/C:/GITHUB/JAVA/Aula12_Classes_Sequencia/src/aula12_classes_sequencia/urbana/LinhaAmarela.java</file>
            <file>file:/C:/GITHUB/JAVA/Aula12_Classes_Sequencia/src/aula12_classes_sequencia/transporte/Trem.java</file>
            <file>file:/C:/GITHUB/JAVA/Aula12_Classes_Sequencia/src/aula12_classes_sequencia/transporte/Metro.java</file>
            <file>file:/C:/GITHUB/JAVA/Aula12_Classes_Sequencia/src/aula12_classes_sequencia/Aula12_Classes_Sequencia.java</file>
        </group>
    </open-files>
</project-private>
